user_id,name,pw,birth,gender,subject
126,임rb,1234,1,1,2
445,임cr,1234,18,1,5
489,이pf,1234,22,1,3
687,최cg,1234,31,1,6
829,박hz,1234,60,0,8
2180,윤bd,1234,29,0,5
2646,조uv,1234,69,1,6
2942,임ab,1234,67,1,8
3387,조ur,1234,59,1,0
4043,정wl,1234,65,1,6
4265,윤ti,1234,37,0,4
4724,장ib,1234,4,0,3
5169,장tl,1234,67,0,0
5294,조rj,1234,16,0,0
5477,장ui,1234,23,1,1
6221,장rc,1234,67,1,1
6389,김df,1234,32,1,2
7003,김as,1234,55,1,7
7441,김je,1234,32,1,8
7514,조ip,1234,65,1,3
7564,임wt,1234,60,1,3
7631,박on,1234,20,1,3
7652,이ya,1234,38,0,7
7655,박zc,1234,43,0,4
7823,최ww,1234,35,0,4
8299,조cn,1234,65,1,4
8572,장mo,1234,12,0,1
8631,윤zp,1234,55,1,4
8693,강lj,1234,13,1,0
8929,조eg,1234,31,0,5
9156,최gx,1234,4,0,7
9961,임vf,1234,58,0,6
10404,이gv,1234,14,0,6
10859,최zz,1234,13,0,8
11222,박dq,1234,1,0,5
11538,장rw,1234,24,0,0
11831,정lu,1234,63,1,5
12085,조ih,1234,54,1,4
12209,박dj,1234,63,1,8
13488,임ix,1234,32,0,2
13765,강yr,1234,50,0,1
13973,윤fn,1234,28,1,5
14081,최cz,1234,26,1,7
14933,임cq,1234,45,1,5
16499,이so,1234,53,0,0
16590,윤xu,1234,49,1,1
16615,이qf,1234,62,1,1
17491,정bg,1234,51,1,3
17497,조mi,1234,5,0,8
17541,최nt,1234,6,0,1
18062,최xe,1234,43,0,0
18101,강gr,1234,29,0,5
18174,박xq,1234,67,0,7
18236,조dv,1234,58,0,4
18371,장zf,1234,50,1,0
18523,박lf,1234,21,0,3
18544,이xi,1234,16,0,3
18552,조dt,1234,35,0,6
18914,김yq,1234,29,1,2
19106,최bv,1234,51,0,1
20776,임cn,1234,39,1,2
20985,이qd,1234,23,1,3
20997,이wr,1234,40,1,0
21394,윤ia,1234,65,0,6
22052,이gl,1234,67,0,5
22315,이nh,1234,49,1,5
22410,김az,1234,36,1,2
22522,윤lk,1234,31,0,5
23143,김ek,1234,48,0,6
23345,임zv,1234,15,1,2
23360,박jw,1234,32,1,6
23446,장ed,1234,69,1,1
23510,김hd,1234,25,0,6
23817,임he,1234,38,0,5
23833,강te,1234,26,0,8
23988,조zi,1234,52,1,7
24507,장ac,1234,5,1,5
24573,정rw,1234,46,1,5
24785,조hz,1234,63,0,6
24877,최wk,1234,68,0,8
24936,정ew,1234,33,0,2
25265,정nf,1234,26,0,6
25333,조rj,1234,16,1,2
25534,임qs,1234,36,1,6
25983,박wu,1234,67,1,1
26107,이bh,1234,43,1,5
26243,박yy,1234,15,0,1
26363,정rt,1234,47,1,8
26538,김dh,1234,66,0,2
26790,정vv,1234,27,0,1
26822,최ei,1234,48,1,4
27430,정zq,1234,6,1,8
28706,강bq,1234,48,1,3
28866,임yo,1234,30,1,7
28999,윤ck,1234,7,0,1
29518,정xy,1234,64,1,0
29559,조lx,1234,44,1,3
29601,정be,1234,41,0,8
30127,장lb,1234,29,0,0
30752,정gk,1234,37,1,8
30846,임of,1234,13,1,4
30875,임fb,1234,19,0,2
31411,강jb,1234,33,1,1
32428,임ri,1234,34,1,7
32671,최fs,1234,33,0,3
33621,이xq,1234,33,1,0
33655,장hu,1234,25,1,6
33765,조lz,1234,51,0,6
34064,강zi,1234,25,0,5
34077,윤lb,1234,31,1,3
34126,윤og,1234,29,0,3
34160,정xw,1234,38,1,7
34252,조rr,1234,18,1,3
34312,임mz,1234,55,1,5
34335,윤mw,1234,19,1,4
35551,박zw,1234,66,0,2
35565,정wf,1234,35,0,3
35694,박ad,1234,7,1,2
36773,윤pk,1234,60,1,8
37302,임ya,1234,47,0,5
37748,강bb,1234,25,0,5
37780,이mq,1234,58,1,8
38068,이on,1234,9,1,1
38094,박zw,1234,66,0,2
38377,최qh,1234,19,1,3
38462,조xb,1234,43,1,5
38514,장yu,1234,10,1,3
38747,강zr,1234,31,1,8
38816,조xh,1234,55,0,6
39047,윤ap,1234,17,1,5
39090,임os,1234,21,0,5
39277,윤gw,1234,20,1,5
39434,최ie,1234,16,1,5
40228,김uq,1234,53,1,5
40651,박iu,1234,28,1,1
40869,정pq,1234,8,0,1
41169,정fs,1234,12,0,6
41260,장zx,1234,67,0,5
41297,장yr,1234,9,1,3
41321,최sf,1234,13,0,7
41322,이lg,1234,24,1,1
41347,박hq,1234,65,0,0
41910,정td,1234,4,0,4
42988,윤rf,1234,6,0,1
43135,정ia,1234,55,0,1
43314,최gp,1234,58,1,4
43354,정by,1234,14,1,3
43914,조gz,1234,18,0,1
44559,최ar,1234,43,0,4
44708,이jd,1234,3,1,4
44894,박ce,1234,38,1,5
45026,박je,1234,44,1,4
45065,이bz,1234,45,1,2
45151,최he,1234,31,1,6
45326,이fg,1234,46,1,6
45514,최yq,1234,50,1,8
45842,임jh,1234,7,1,6
46065,최dy,1234,63,0,1
46136,최ss,1234,3,0,1
46522,강yn,1234,56,1,6
46557,김lf,1234,51,1,1
46706,임pg,1234,6,0,2
47227,정qd,1234,50,1,5
47359,조oh,1234,61,0,0
47444,최aa,1234,4,1,1
47845,임gh,1234,1,0,6
49292,윤kb,1234,60,0,7
49454,이sx,1234,35,1,6
49754,최fc,1234,11,1,6
50551,김sy,1234,69,0,1
50569,강tk,1234,13,1,1
50869,강nv,1234,13,0,7
51119,정qv,1234,6,0,0
51132,김qk,1234,32,0,1
51949,박ge,1234,3,1,7
52003,최zj,1234,29,0,0
52345,이cw,1234,54,1,5
52358,이ix,1234,52,1,8
52436,박ov,1234,14,1,8
52605,장uh,1234,21,0,7
52656,임ys,1234,54,0,2
52674,장ek,1234,45,1,4
52843,박gb,1234,31,1,5
52884,조ba,1234,21,1,4
53227,조mc,1234,14,1,1
53491,장yj,1234,2,1,0
53497,강yv,1234,8,0,2
53539,정er,1234,23,0,8
53581,임zh,1234,62,0,4
53598,박it,1234,67,0,3
53625,이ya,1234,10,1,8
53733,이zz,1234,47,0,6
53919,장ph,1234,54,0,7
54606,정ln,1234,51,1,0
54689,최cy,1234,15,0,2
54930,강tg,1234,45,1,6
55051,김kz,1234,53,1,7
55080,박ha,1234,56,0,5
55218,박qa,1234,14,0,6
55520,조zu,1234,50,1,5
55825,정re,1234,7,1,7
56150,박mb,1234,18,0,7
56169,조ue,1234,53,0,5
56196,임bh,1234,36,0,6
58117,임lv,1234,16,1,5
59314,장eq,1234,41,1,6
59421,정od,1234,54,1,6
59672,임yq,1234,59,0,1
60070,최ru,1234,27,0,2
60202,이lu,1234,3,1,4
60315,최jd,1234,40,0,6
60350,박zq,1234,62,0,7
60408,임hj,1234,66,0,5
60411,김qy,1234,63,1,0
61096,장sv,1234,37,0,2
61263,장wl,1234,68,1,3
61285,정ja,1234,11,1,0
61383,최pd,1234,1,0,7
62229,이ee,1234,67,0,7
62230,조wf,1234,25,0,3
62659,조od,1234,45,0,7
62733,장ra,1234,15,0,8
63035,강hn,1234,22,0,6
64066,이xd,1234,40,1,6
64482,박fv,1234,8,0,2
64664,강ky,1234,2,0,5
65883,임lj,1234,15,0,5
65945,장ec,1234,43,1,7
65981,임ih,1234,60,0,7
66190,강cm,1234,29,1,6
66546,최zn,1234,3,1,7
66758,정xn,1234,51,0,2
66852,이ni,1234,47,0,1
67032,정ph,1234,5,1,1
67084,김ls,1234,29,1,8
67415,이qy,1234,40,1,4
67538,윤uo,1234,3,0,2
67808,정xq,1234,18,0,0
67884,이yd,1234,12,1,4
67894,윤qk,1234,30,0,4
68100,장jr,1234,56,1,5
68128,장pd,1234,65,0,5
68137,최it,1234,13,1,0
68467,임qn,1234,6,1,6
68506,장lh,1234,17,1,3
68705,임za,1234,12,0,3
68931,박vs,1234,19,0,5
70017,박pl,1234,50,1,1
70307,강tl,1234,41,0,4
70316,정vj,1234,43,0,1
70439,박az,1234,31,0,4
71429,장ps,1234,13,0,7
71559,정ig,1234,8,0,3
71582,장uj,1234,41,1,6
71810,조nr,1234,7,0,8
71951,임ch,1234,7,1,8
72040,정ok,1234,43,1,1
72290,박ro,1234,64,0,7
72652,장qu,1234,55,0,0
73207,조zg,1234,34,1,6
73319,박iy,1234,26,1,6
73374,장yd,1234,27,0,8
73431,장jr,1234,37,0,5
73712,이mx,1234,1,1,5
74291,이rp,1234,45,0,1
74311,이sw,1234,46,1,0
74770,장ct,1234,20,0,8
74800,장jc,1234,37,0,3
74980,임jv,1234,61,0,3
75113,강ps,1234,60,1,3
75149,이sm,1234,15,0,1
75171,장su,1234,36,0,1
75441,조bu,1234,62,1,5
75850,장sg,1234,26,1,1
75950,김oo,1234,45,0,1
75997,이eq,1234,36,0,8
76552,강kb,1234,53,0,0
76617,이ia,1234,34,1,2
77422,이hb,1234,17,1,3
77868,김ew,1234,55,0,2
78422,장wr,1234,15,1,1
79102,정fd,1234,19,0,1
79353,윤my,1234,43,0,6
79392,박bh,1234,37,0,2
79839,박py,1234,24,0,7
79921,정ti,1234,63,1,8
80598,최qk,1234,34,1,1
81225,이kj,1234,33,1,8
81312,임vi,1234,30,0,0
81346,임qy,1234,66,0,2
81388,장rx,1234,37,0,8
81843,강is,1234,44,0,3
82151,장af,1234,43,1,7
82512,최qj,1234,42,0,6
82795,임yj,1234,3,0,0
82924,장bi,1234,30,0,4
83415,박sr,1234,45,0,0
83419,김yt,1234,17,1,4
84240,최al,1234,14,1,5
84319,임tu,1234,7,1,0
85201,정pi,1234,60,0,0
85441,김nj,1234,50,1,3
86000,윤hs,1234,32,1,2
86038,장mg,1234,7,0,2
86334,조ub,1234,49,0,1
86573,박mv,1234,42,1,4
86976,윤wx,1234,1,1,7
87140,강yl,1234,60,0,4
87305,조tw,1234,29,1,1
87717,조mz,1234,4,0,0
88415,조qq,1234,47,0,5
88770,박di,1234,29,1,8
89371,윤uf,1234,31,0,3
89374,임nu,1234,8,1,6
89527,조jo,1234,68,0,2
89555,조eo,1234,42,0,5
90252,이ql,1234,14,1,8
90621,김ow,1234,22,0,7
90674,김dd,1234,61,0,5
90705,조il,1234,14,0,3
90978,임pq,1234,55,1,3
90988,이gh,1234,35,0,5
91014,정tg,1234,12,1,8
91040,조lr,1234,40,0,1
91063,정se,1234,26,0,5
91100,윤ez,1234,69,1,3
91297,조wh,1234,66,0,3
92616,장dq,1234,25,0,4
93957,임hd,1234,68,1,7
94056,강hi,1234,36,1,2
94369,김lf,1234,33,1,0
94702,장wr,1234,66,0,3
94756,정qk,1234,46,0,3
95029,임cz,1234,13,1,1
95034,박xu,1234,43,1,6
95875,임uk,1234,17,0,3
96007,윤mu,1234,40,1,8
96049,장jo,1234,21,0,4
97105,박cl,1234,45,1,8
97112,장ra,1234,54,0,6
97274,정he,1234,58,1,7
97326,윤yz,1234,68,0,3
97490,정ux,1234,43,1,7
97865,임sx,1234,68,0,0
98171,임ce,1234,58,1,6
98242,윤iv,1234,18,0,6
98370,정xo,1234,24,0,8
98646,이eg,1234,56,1,5
98755,이eg,1234,15,0,3
99532,조bv,1234,23,0,5
100164,정yx,1234,30,0,2
100308,강ds,1234,12,0,6
100316,강qg,1234,42,0,6
100516,정fb,1234,54,1,1
101586,장ze,1234,47,1,1
101822,박gw,1234,2,1,0
102219,정fy,1234,13,0,4
102254,정qv,1234,6,0,3
102517,최vz,1234,21,1,7
102730,장gu,1234,10,0,5
102804,최dw,1234,60,0,8
102828,최az,1234,64,1,6
103014,윤hc,1234,32,0,6
103806,임yx,1234,2,0,4
104006,조hx,1234,36,0,4
104204,최qf,1234,40,1,1
105035,최ih,1234,8,1,5
105165,조nz,1234,19,1,8
105244,이sb,1234,16,0,2
105445,최mo,1234,15,0,7
105637,정ow,1234,67,0,5
106339,윤cl,1234,49,0,0
106778,조ri,1234,9,0,7
106819,장tv,1234,63,1,5
106896,조nn,1234,25,0,7
107478,임fm,1234,28,1,1
107590,윤xm,1234,3,0,0
107627,박hc,1234,2,1,2
107629,윤cg,1234,67,1,0
107656,강xx,1234,61,1,1
107750,김zf,1234,36,1,2
107837,조yd,1234,67,0,8
108462,최mz,1234,49,0,3
108498,임hw,1234,43,1,2
108500,최mw,1234,66,1,4
108722,조si,1234,52,0,1
109169,이kf,1234,50,1,6
109394,정dm,1234,33,1,2
109517,장kj,1234,49,1,7
109632,조dd,1234,20,1,3
110912,조bw,1234,46,1,6
111408,최lb,1234,59,1,0
111728,조cx,1234,27,1,8
111902,장oy,1234,58,1,4
112259,최jc,1234,44,1,1
112577,장ps,1234,23,0,5
113262,박zy,1234,38,0,2
113286,임cq,1234,66,1,4
114379,이zh,1234,60,1,3
114680,박rn,1234,49,0,2
114951,임fp,1234,20,0,8
115081,강to,1234,63,1,1
115491,강iw,1234,49,0,3
115510,임ah,1234,67,1,3
116119,윤fw,1234,20,0,1
116288,강gc,1234,51,1,8
116302,임ws,1234,32,1,5
116446,장kp,1234,61,0,1
116988,윤qn,1234,53,1,0
117532,장px,1234,13,1,6
117831,조ph,1234,48,0,7
117975,장uh,1234,52,1,7
118880,임ln,1234,31,0,1
118881,박zs,1234,42,0,8
119014,임zq,1234,50,1,1
119205,이wd,1234,13,0,3
119286,김if,1234,46,1,4
119953,최ns,1234,8,1,2
120372,윤kh,1234,15,0,5
120667,강bc,1234,41,0,5
120900,장ht,1234,2,1,7
121028,박ut,1234,26,1,5
121143,최ft,1234,58,0,2
121221,정bh,1234,5,1,5
121322,조vg,1234,30,1,8
121400,정rf,1234,11,0,1
121445,강ij,1234,12,1,3
121482,최el,1234,24,1,0
122021,강mu,1234,25,1,1
122118,장dy,1234,26,1,3
122139,이gl,1234,9,1,6
122778,박gn,1234,54,1,3
122897,임dd,1234,43,0,4
122913,이ij,1234,30,0,6
123068,강yx,1234,18,1,3
123156,이fu,1234,22,0,2
123653,강af,1234,67,0,0
123845,강mr,1234,34,1,3
124180,김od,1234,50,0,6
124192,조xn,1234,5,0,3
124251,정jb,1234,30,1,8
124379,최lt,1234,49,0,3
124398,조th,1234,38,0,0
124532,최te,1234,29,0,2
124589,박zx,1234,15,1,2
125220,장pl,1234,38,1,4
125247,윤ed,1234,23,1,8
125376,윤jx,1234,38,0,1
125388,박md,1234,54,0,3
125430,최tq,1234,25,1,2
125521,임tl,1234,33,0,8
125536,임ov,1234,20,1,4
125548,최zw,1234,67,0,1
125801,박qb,1234,69,1,7
125943,윤mi,1234,65,1,8
125972,정pz,1234,35,1,3
126614,임bx,1234,67,1,1
126661,강jp,1234,2,0,1
127007,박ob,1234,59,1,2
127164,이ha,1234,49,0,1
127238,장ts,1234,65,1,6
127256,김cl,1234,35,0,5
127315,최ui,1234,21,0,6
127552,이wr,1234,63,0,4
128562,장ut,1234,12,1,7
128615,장ou,1234,68,0,7
129037,윤yz,1234,53,1,1
130429,이fs,1234,63,0,1
130456,박tx,1234,61,0,5
130488,정oi,1234,17,0,6
130626,강qa,1234,20,0,2
130645,최bi,1234,62,0,1
130672,박ii,1234,6,1,0
130983,최mc,1234,41,0,7
131104,강io,1234,9,1,2
131667,장nq,1234,24,1,4
131711,조cz,1234,57,0,1
131834,정dl,1234,22,0,6
131845,장cv,1234,49,1,5
132364,박nh,1234,22,1,0
132701,김bt,1234,10,0,8
132921,조yf,1234,42,0,5
133008,조rl,1234,68,1,0
133273,강zx,1234,28,0,4
133369,최ge,1234,4,0,5
133725,임gi,1234,44,0,7
134033,조ef,1234,60,1,7
134421,최ym,1234,58,1,5
134432,장wf,1234,1,0,4
134818,이kn,1234,39,1,8
134843,강wd,1234,30,1,6
135175,장ms,1234,11,1,8
135197,임rd,1234,56,0,4
135534,장ga,1234,27,1,6
135691,박xi,1234,49,0,7
135780,윤mj,1234,33,1,3
136179,박lg,1234,47,1,7
136271,정go,1234,35,0,6
136638,임ke,1234,41,0,8
136640,윤gc,1234,16,1,5
